{"v":"5.7.4","fr":25,"ip":0,"op":124,"w":1115,"h":429,"nm":"Comp 1","ddd":0,"assets":[{"id":"image_0","w":75,"h":75,"u":"images/","p":"img_0.png","e":0},{"id":"image_1","w":75,"h":75,"u":"images/","p":"img_1.png","e":0},{"id":"image_2","w":482,"h":179,"u":"images/","p":"img_2.png","e":0},{"id":"image_3","w":1439,"h":405,"u":"images/","p":"img_3.png","e":0},{"id":"comp_0","layers":[{"ddd":0,"ind":1,"ty":2,"nm":"Wheel_2","refId":"image_0","sr":1,"ks":{"o":{"a":0,"k":100,"ix":11},"r":{"a":0,"k":0,"ix":10,"x":"var $bm_rt;\n$bm_rt = $bm_mul(time, 1000);"},"p":{"a":0,"k":[731.712,376.491,0],"ix":2,"l":2},"a":{"a":0,"k":[38,40.5,0],"ix":1,"l":2},"s":{"a":0,"k":[100,100,100],"ix":6,"l":2}},"ao":0,"ip":0,"op":250,"st":0,"bm":0},{"ddd":0,"ind":2,"ty":2,"nm":"Wheel_1","refId":"image_1","sr":1,"ks":{"o":{"a":0,"k":100,"ix":11},"r":{"a":0,"k":0,"ix":10,"x":"var $bm_rt;\n$bm_rt = $bm_mul(time, 1000);"},"p":{"a":0,"k":[470.476,376.946,0],"ix":2,"l":2},"a":{"a":0,"k":[37.455,40.955,0],"ix":1,"l":2},"s":{"a":0,"k":[100,100,100],"ix":6,"l":2}},"ao":0,"ip":0,"op":250,"st":0,"bm":0},{"ddd":0,"ind":3,"ty":2,"nm":"Car","refId":"image_2","sr":1,"ks":{"o":{"a":0,"k":100,"ix":11},"r":{"a":0,"k":0,"ix":10},"p":{"a":0,"k":[616.844,326.602,0],"ix":2,"l":2},"a":{"a":0,"k":[240.805,89.153,0],"ix":1,"l":2},"s":{"a":0,"k":[100,100,100],"ix":6,"l":2}},"ao":0,"ip":0,"op":250,"st":0,"bm":0}]},{"id":"comp_1","layers":[{"ddd":0,"ind":1,"ty":2,"nm":"Layer 1","refId":"image_3","sr":1,"ks":{"o":{"a":0,"k":100,"ix":11},"r":{"a":0,"k":0,"ix":10},"p":{"a":0,"k":[557.449,227.05,0],"ix":2,"l":2},"a":{"a":0,"k":[719.118,202.2,0],"ix":1,"l":2},"s":{"a":0,"k":[100,100,100],"ix":6,"l":2}},"ao":0,"ip":0,"op":250,"st":0,"bm":0}]}],"layers":[{"ddd":0,"ind":1,"ty":0,"nm":"Animated_Banner_02","refId":"comp_0","sr":1,"ks":{"o":{"a":0,"k":100,"ix":11},"r":{"a":0,"k":0,"ix":10},"p":{"a":0,"k":[557.5,214.5,0],"ix":2,"l":2},"a":{"a":0,"k":[557.5,214.5,0],"ix":1,"l":2},"s":{"a":0,"k":[100,100,100],"ix":6,"l":2}},"ao":0,"w":1115,"h":429,"ip":0,"op":250,"st":0,"bm":0},{"ddd":0,"ind":2,"ty":0,"nm":"BG","refId":"comp_1","sr":1,"ks":{"o":{"a":0,"k":100,"ix":11},"r":{"a":0,"k":0,"ix":10},"p":{"a":0,"k":[557.5,214.5,0],"ix":2,"l":2},"a":{"a":0,"k":[557.5,214.5,0],"ix":1,"l":2},"s":{"a":0,"k":[100,100,100],"ix":6,"l":2}},"ao":0,"ef":[{"ty":5,"nm":"Motion Tile","np":10,"mn":"ADBE Tile","ix":1,"en":1,"ef":[{"ty":3,"nm":"Tile Center","mn":"ADBE Tile-0001","ix":1,"v":{"a":1,"k":[{"i":{"x":0.667,"y":1},"o":{"x":0.333,"y":0},"t":0,"s":[557.5,214.5],"to":[190,0],"ti":[-190,0]},{"t":50,"s":[1697.5,214.5]}],"ix":1,"x":"var $bm_rt;\n$bm_rt = loopOut();"}},{"ty":0,"nm":"Tile Width","mn":"ADBE Tile-0002","ix":2,"v":{"a":0,"k":100,"ix":2}},{"ty":0,"nm":"Tile Height","mn":"ADBE Tile-0003","ix":3,"v":{"a":0,"k":100,"ix":3}},{"ty":0,"nm":"Output Width","mn":"ADBE Tile-0004","ix":4,"v":{"a":0,"k":2500,"ix":4}},{"ty":0,"nm":"Output Height","mn":"ADBE Tile-0005","ix":5,"v":{"a":0,"k":100,"ix":5}},{"ty":7,"nm":"Mirror Edges","mn":"ADBE Tile-0006","ix":6,"v":{"a":0,"k":1,"ix":6}},{"ty":0,"nm":"Phase","mn":"ADBE Tile-0007","ix":7,"v":{"a":0,"k":0,"ix":7}},{"ty":7,"nm":"Horizontal Phase Shift","mn":"ADBE Tile-0008","ix":8,"v":{"a":0,"k":0,"ix":8}}]}],"w":1115,"h":429,"ip":0,"op":250,"st":0,"bm":0}],"markers":[]}